window,best_model,score_val,score_test,test_f1_macro,test_accuracy,test_balanced_accuracy,test_mcc
win30s,NeuralNetFastAI_r111_BAG_L1,1.0,0.3800386212701821,0.3668518485579726,0.583904109589041,0.41501962090197386,0.17662899822999287
win60s,NeuralNetFastAI_r95_BAG_L1,1.0,0.4368775300288274,0.2517289073305671,0.6066666666666667,0.3333333333333333,0.0
win120s,NeuralNetFastAI_r127_BAG_L1,1.0,0.47733962476126274,0.35568551007147503,0.5189873417721519,0.41968085106382974,0.17919519846302678
