window,best_model,score_val,test_f1_macro,test_accuracy,test_balanced_accuracy,test_mcc
win30s,WeightedEnsemble_L2,0.74793568013907,0.25292242295430395,0.6113013698630136,0.3333333333333333,0.0
win60s,WeightedEnsemble_L2,0.7273627570010888,0.2517289073305671,0.6066666666666667,0.3333333333333333,0.0
win120s,WeightedEnsemble_L2,0.7722321251733016,0.2486772486772487,0.5949367088607594,0.3333333333333333,0.0
